Amp_hr,Volts,Cycle
4.2,3.5514935065853264,Charge 2
4.17889447236181,3.5580689987505942,Charge 2
4.1577889447236185,3.5635765551747505,Charge 2
4.136683417085427,3.567991552916822,Charge 2
4.115577889447237,3.574756696755902,Charge 2
4.0944723618090455,3.5800867758116284,Charge 2
4.073366834170855,3.584259155906965,Charge 2
4.052261306532664,3.591362157919849,Charge 2
4.0311557788944725,3.5977021995592042,Charge 2
4.010050251256282,3.6021541604154237,Charge 2
3.988944723618091,3.606900244047844,Charge 2
3.9678391959799,3.613444447041552,Charge 2
3.946733668341709,3.6201582310079137,Charge 2
3.925628140703518,3.6267094198549916,Charge 2
3.904522613065327,3.633021891988844,Charge 2
3.883417085427136,3.6382236120931517,Charge 2
3.8623115577889453,3.6451366492080384,Charge 2
3.8412060301507545,3.6498582619815423,Charge 2
3.820100502512563,3.6564142786269986,Charge 2
3.7989949748743723,3.6643055501856354,Charge 2
3.7778894472361815,3.672872923381445,Charge 2
3.75678391959799,3.676423023653847,Charge 2
3.7356783919597993,3.684735174215334,Charge 2
3.7145728643216085,3.689943947008165,Charge 2
3.6934673366834176,3.6974584173165668,Charge 2
3.672361809045227,3.703654165202429,Charge 2
3.6512562814070355,3.7105051258243607,Charge 2
3.6301507537688447,3.7169073002961714,Charge 2
3.609045226130654,3.723016011997529,Charge 2
3.5879396984924625,3.7298092200107833,Charge 2
3.5668341708542717,4.3,Charge 2
3.545728643216081,4.3,Charge 2
3.52462311557789,4.3,Charge 2
3.503517587939699,4.3,Charge 2
3.482412060301508,4.3,Charge 2
3.461306532663317,4.3,Charge 2
3.440201005025126,4.3,Charge 2
3.419095477386935,4.3,Charge 2
3.397989949748744,4.3,Charge 2
3.376884422110553,4.3,Charge 2
3.3557788944723623,4.3,Charge 2
3.3346733668341715,4.2952868724816815,Charge 2
3.31356783919598,4.264328711293322,Charge 2
3.2924623115577893,4.231357530329658,Charge 2
3.2713567839195985,4.193247627421074,Charge 2
3.250251256281407,4.158149705418987,Charge 2
3.2291457286432164,4.122007567604173,Charge 2
3.2080402010050255,4.085636566983825,Charge 2
3.1869346733668347,4.052414942858222,Charge 2
3.165829145728644,4.0198496576071845,Charge 2
3.1447236180904525,3.9897448174689365,Charge 2
3.1236180904522617,3.9626381977975544,Charge 2
3.102512562814071,3.9367402993931857,Charge 2
3.0814070351758795,3.9164480277821894,Charge 2
3.0603015075376887,3.9021153203473067,Charge 2
3.039195979899498,3.889546240399729,Charge 2
3.018090452261307,3.8819392797031473,Charge 2
2.996984924623116,3.877269677803519,Charge 2
2.975879396984925,3.88202537706534,Charge 2
2.954773869346734,3.8874941946160795,Charge 2
2.933668341708543,3.897205411121715,Charge 2
2.912562814070352,3.914880134959972,Charge 2
2.891457286432161,3.9336041873622056,Charge 2
2.87035175879397,3.956932840604263,Charge 2
2.8492462311557794,3.98662423579156,Charge 2
2.8281407035175885,4.014662602791617,Charge 2
2.807035175879397,4.0492437151320395,Charge 2
2.7859296482412064,4.083064320885975,Charge 2
2.7648241206030155,4.121173483942059,Charge 2
2.7437185929648242,4.157581806011623,Charge 2
2.7226130653266334,4.197116449480021,Charge 2
2.7015075376884425,4.236070185461563,Charge 2
2.6804020100502517,4.273023344928205,Charge 2
2.659296482412061,4.3,Charge 2
2.6381909547738696,4.3,Charge 2
2.6170854271356787,4.3,Charge 2
2.595979899497488,4.3,Charge 2
2.5748743718592966,4.3,Charge 2
2.5537688442211057,4.3,Charge 2
2.532663316582915,4.3,Charge 2
2.511557788944724,4.3,Charge 2
2.490452261306533,4.3,Charge 2
2.469346733668342,4.3,Charge 2
2.448241206030151,4.3,Charge 2
2.42713567839196,4.3,Charge 2
2.406030150753769,4.3,Charge 2
2.384924623115578,4.3,Charge 2
2.3638190954773872,4.3,Charge 2
2.3427135678391964,4.3,Charge 2
2.3216080402010055,4.3,Charge 2
2.3005025125628142,4.3,Charge 2
2.2793969849246234,4.3,Charge 2
2.2582914572864325,4.3,Charge 2
2.2371859296482413,4.274849580757545,Charge 2
2.2160804020100504,4.237135435014157,Charge 2
2.1949748743718596,4.199932800765357,Charge 2
2.1738693467336687,4.162845023043682,Charge 2
2.152763819095478,4.127640784154599,Charge 2
2.1316582914572866,4.093261739032629,Charge 2
2.1105527638190957,4.05988627856258,Charge 2
2.089447236180905,4.031133498085789,Charge 2
2.0683417085427136,4.0043743005848444,Charge 2
2.0472361809045228,3.981006438980157,Charge 2
2.026130653266332,3.9611791384622963,Charge 2
2.005025125628141,3.9436446767641318,Charge 2
1.98391959798995,3.933289459214322,Charge 2
1.962814070351759,3.926466555490491,Charge 2
1.941708542713568,3.923862528519488,Charge 2
1.9206030150753772,3.928005225454629,Charge 2
1.8994974874371862,3.934275998822414,Charge 2
1.878391959798995,3.94639886784303,Charge 2
1.8572864321608042,3.961447838262977,Charge 2
1.8361809045226134,3.982534490909339,Charge 2
1.8150753768844223,4.007170073258638,Charge 2
1.7939698492462313,4.033246138852359,Charge 2
1.7728643216080404,4.063445290293822,Charge 2
1.7517587939698496,4.096774190596781,Charge 2
1.7306532663316585,4.133821361441362,Charge 2
1.7095477386934674,4.169211178955194,Charge 2
1.6884422110552766,4.206028392759443,Charge 2
1.6673366834170857,4.241947440899483,Charge 2
1.6462311557788947,4.281411375458118,Charge 2
1.6251256281407036,4.3,Charge 2
1.6040201005025128,4.3,Charge 2
1.582914572864322,4.3,Charge 2
1.5618090452261308,4.3,Charge 2
1.5407035175879398,4.3,Charge 2
1.519597989949749,4.3,Charge 2
1.498492462311558,4.3,Charge 2
1.477386934673367,4.3,Charge 2
1.456281407035176,4.3,Charge 2
1.435175879396985,4.3,Charge 2
1.4140703517587943,4.3,Charge 2
1.3929648241206032,4.3,Charge 2
1.3718592964824121,4.3,Charge 2
1.3507537688442213,4.3,Charge 2
1.3296482412060304,4.3,Charge 2
1.3085427135678394,4.3,Charge 2
1.2874371859296483,4.3,Charge 2
1.2663316582914574,4.3,Charge 2
1.2452261306532666,4.3,Charge 2
1.2241206030150755,4.3,Charge 2
1.2030150753768845,4.3,Charge 2
1.1819095477386936,4.281563550586669,Charge 2
1.1608040201005028,4.246426473789043,Charge 2
1.1396984924623117,4.2093973605488975,Charge 2
1.1185929648241206,4.172223218196962,Charge 2
1.0974874371859298,4.135142941312146,Charge 2
1.076381909547739,4.101179810856911,Charge 2
1.0552763819095479,4.0697195570611875,Charge 2
1.0341708542713568,4.038063905185382,Charge 2
1.013065326633166,4.013676531379036,Charge 2
0.991959798994975,3.9913947890511534,Charge 2
0.970854271356784,3.970748758566668,Charge 2
0.9497487437185931,3.955534459910014,Charge 2
0.9286432160804021,3.944233171468132,Charge 2
0.9075376884422112,3.9394490411082415,Charge 2
0.8864321608040202,3.9383491585966035,Charge 2
0.8653266331658293,3.942047235352912,Charge 2
0.8442211055276383,3.95066668542393,Charge 2
0.8231155778894473,3.96268919404355,Charge 2
0.8020100502512564,3.978038131830864,Charge 2
0.7809045226130654,3.99831946978976,Charge 2
0.7597989949748745,4.02510381030048,Charge 2
0.7386934673366835,4.05159758692875,Charge 2
0.7175879396984925,4.084423688063293,Charge 2
0.6964824120603016,4.115690950717261,Charge 2
0.6753768844221106,4.151714995244633,Charge 2
0.6542713567839197,4.1898308641375035,Charge 2
0.6331658291457287,4.224314619750448,Charge 2
0.6120603015075378,4.2560076844427845,Charge 2
0.5909547738693468,4.256672876252028,Charge 2
0.5698492462311558,4.258640145796164,Charge 2
0.5487437185929649,4.258127355523799,Charge 2
0.5276381909547739,4.2604318539179475,Charge 2
0.506532663316583,4.260853027709469,Charge 2
0.485427135678392,4.261087730210968,Charge 2
0.46432160804020106,4.2637378125737335,Charge 2
0.4432160804020101,4.264648647951782,Charge 2
0.42211055276381915,4.267593587021042,Charge 2
0.4010050251256282,4.266021012155022,Charge 2
0.37989949748743723,4.267884483537093,Charge 2
0.3587939698492463,4.270521190335548,Charge 2
0.3376884422110553,4.270664722544687,Charge 2
0.31658291457286436,4.272642513648238,Charge 2
0.2954773869346734,4.273063790780594,Charge 2
0.27437185929648245,4.274515614820912,Charge 2
0.2532663316582915,4.278366574644666,Charge 2
0.23216080402010053,4.27940905353998,Charge 2
0.21105527638190957,4.281214622734809,Charge 2
0.18994974874371862,4.284075325283097,Charge 2
0.16884422110552766,4.28496765219805,Charge 2
0.1477386934673367,4.288156552943689,Charge 2
0.12663316582914574,4.290965807632034,Charge 2
0.10552763819095479,4.291193169223426,Charge 2
0.08442211055276383,4.293274775826408,Charge 2
0.06331658291457287,4.297152127317155,Charge 2
0.042211055276381915,4.298433116754544,Charge 2
0.021105527638190957,4.299837282380798,Charge 2
0.0,4.3,Charge 2
